[{"model": "synapse.synapticcleft", "pk": 1, "fields": {"glutamate": 1.0, "clear_rate": 0.5}},
{"model": "synapse.dopaminecleft", "pk": 1, "fields": {"dopamine": 0.8, "clear_rate": 0.1}},
{"model": "synapse.nmdareceptor", "pk": 1, "fields": {"mg_blocked": true, "glutamate_thr": 1.0, "voltage_thr": -50.0}},
{"model": "synapse.dopaminereceptor", "pk": 1, "fields": {"bound": false, "kd": 0.5}},
{"model": "synapse.modulatorycascade", "pk": 1, "fields": {"camp": 0.0, "pka_activity": 0.0}},
{"model": "synapse.postsynapticmembrane", "pk": 1, "fields": {"rest_potential": -70.0, "potential": -70.0, "depolarization": 20.0}},
{"model": "synapse.spinehead", "pk": 1, "fields": {"ca_concentration": 0.0, "ca_sensitivity": 1.0}},
{"model": "synapse.stdpparameters", "pk": 1, "fields": {"ltp_threshold": 5.0, "ltd_threshold": 1.0, "ltp_rate": 0.01, "ltd_rate": 0.005}},
{"model": "synapse.synaptictag", "pk": 1, "fields": {"tagged": false, "time_tagged": null}},
{"model": "synapse.consolidationproteinpool", "pk": 1, "fields": {"available": 100, "last_refilled": "2025-07-02T00:00:00Z"}},
{"model": "synapse.amparecyclingendosome", "pk": 1, "fields": {"pool_count": 100}},
{"model": "synapse.postsynapticdensity", "pk": 1, "fields": {"ampa_count": 20}},
{"model": "synapse.traffickingparameters", "pk": 1, "fields": {"insertion_rate": 5.0, "removal_rate": 5.0}},
{"model": "synapse.astrocyte", "pk": 1, "fields": {"monitored_activity": 0.0, "tnf_alpha": 0.0, "d_serine": 0.0, "atp": 0.0, "release_rate": 0.1}},
{"model": "synapse.synapse", "pk": 1, "fields": {"cleft": 1, "da_cleft": 1, "membrane": 1, "nmda": 1, "da_receptor": 1, "cascade": 1, "spine": 1, "stdp_params": 1, "tag": 1, "pool": 1, "endosome": 1, "psd": 1, "traf_params": 1, "astrocyte": 1, "weight": 1.0}},
{"model": "synapse.synapticcleft", "pk": 2, "fields": {"glutamate": 0.7, "clear_rate": 0.6}},
{"model": "synapse.dopaminecleft", "pk": 2, "fields": {"dopamine": 0.5, "clear_rate": 0.15}},
{"model": "synapse.nmdareceptor", "pk": 2, "fields": {"mg_blocked": false, "glutamate_thr": 0.8, "voltage_thr": -55.0}},
{"model": "synapse.dopaminereceptor", "pk": 2, "fields": {"bound": true, "kd": 0.4}},
{"model": "synapse.modulatorycascade", "pk": 2, "fields": {"camp": 0.2, "pka_activity": 0.1}},
{"model": "synapse.postsynapticmembrane", "pk": 2, "fields": {"rest_potential": -68.0, "potential": -65.0, "depolarization": 18.0}},
{"model": "synapse.spinehead", "pk": 2, "fields": {"ca_concentration": 0.5, "ca_sensitivity": 1.2}},
{"model": "synapse.stdpparameters", "pk": 2, "fields": {"ltp_threshold": 4.5, "ltd_threshold": 1.2, "ltp_rate": 0.012, "ltd_rate": 0.006}},
{"model": "synapse.synaptictag", "pk": 2, "fields": {"tagged": true, "time_tagged": "2025-07-01T12:00:00Z"}},
{"model": "synapse.consolidationproteinpool", "pk": 2, "fields": {"available": 90, "last_refilled": "2025-07-01T00:00:00Z"}},
{"model": "synapse.amparecyclingendosome", "pk": 2, "fields": {"pool_count": 80}},
{"model": "synapse.postsynapticdensity", "pk": 2, "fields": {"ampa_count": 25}},
{"model": "synapse.traffickingparameters", "pk": 2, "fields": {"insertion_rate": 4.8, "removal_rate": 5.2}},
{"model": "synapse.astrocyte", "pk": 2, "fields": {"monitored_activity": 0.2, "tnf_alpha": 0.05, "d_serine": 0.1, "atp": 0.05, "release_rate": 0.12}},
{"model": "synapse.synapse", "pk": 2, "fields": {"cleft": 2, "da_cleft": 2, "membrane": 2, "nmda": 2, "da_receptor": 2, "cascade": 2, "spine": 2, "stdp_params": 2, "tag": 2, "pool": 2, "endosome": 2, "psd": 2, "traf_params": 2, "astrocyte": 2, "weight": 0.95}},
{"model": "synapse.synapticcleft", "pk": 3, "fields": {"glutamate": 1.2, "clear_rate": 0.4}},
{"model": "synapse.dopaminecleft", "pk": 3, "fields": {"dopamine": 1.0, "clear_rate": 0.2}},
{"model": "synapse.nmdareceptor", "pk": 3, "fields": {"mg_blocked": true, "glutamate_thr": 1.1, "voltage_thr": -48.0}},
{"model": "synapse.dopaminereceptor", "pk": 3, "fields": {"bound": false, "kd": 0.6}},
{"model": "synapse.modulatorycascade", "pk": 3, "fields": {"camp": 0.1, "pka_activity": 0.2}},
{"model": "synapse.postsynapticmembrane", "pk": 3, "fields": {"rest_potential": -72.0, "potential": -70.0, "depolarization": 22.0}},
{"model": "synapse.spinehead", "pk": 3, "fields": {"ca_concentration": 0.2, "ca_sensitivity": 0.9}},
{"model": "synapse.stdpparameters", "pk": 3, "fields": {"ltp_threshold": 5.2, "ltd_threshold": 1.3, "ltp_rate": 0.009, "ltd_rate": 0.004}},
{"model": "synapse.synaptictag", "pk": 3, "fields": {"tagged": false, "time_tagged": null}},
{"model": "synapse.consolidationproteinpool", "pk": 3, "fields": {"available": 110, "last_refilled": "2025-06-30T00:00:00Z"}},
{"model": "synapse.amparecyclingendosome", "pk": 3, "fields": {"pool_count": 120}},
{"model": "synapse.postsynapticdensity", "pk": 3, "fields": {"ampa_count": 18}},
{"model": "synapse.traffickingparameters", "pk": 3, "fields": {"insertion_rate": 5.5, "removal_rate": 4.5}},
{"model": "synapse.astrocyte", "pk": 3, "fields": {"monitored_activity": 0.1, "tnf_alpha": 0.02, "d_serine": 0.05, "atp": 0.02, "release_rate": 0.09}},
{"model": "synapse.synapse", "pk": 3, "fields": {"cleft": 3, "da_cleft": 3, "membrane": 3, "nmda": 3, "da_receptor": 3, "cascade": 3, "spine": 3, "stdp_params": 3, "tag": 3, "pool": 3, "endosome": 3, "psd": 3, "traf_params": 3, "astrocyte": 3, "weight": 1.05}},
{"model": "synapse.synapticcleft", "pk": 4, "fields": {"glutamate": 0.9, "clear_rate": 0.55}},
{"model": "synapse.dopaminecleft", "pk": 4, "fields": {"dopamine": 0.6, "clear_rate": 0.12}},
{"model": "synapse.nmdareceptor", "pk": 4, "fields": {"mg_blocked": false, "glutamate_thr": 0.9, "voltage_thr": -52.0}},
{"model": "synapse.dopaminereceptor", "pk": 4, "fields": {"bound": true, "kd": 0.45}},
{"model": "synapse.modulatorycascade", "pk": 4, "fields": {"camp": 0.15, "pka_activity": 0.12}},
{"model": "synapse.postsynapticmembrane", "pk": 4, "fields": {"rest_potential": -69.0, "potential": -67.0, "depolarization": 19.0}},
{"model": "synapse.spinehead", "pk": 4, "fields": {"ca_concentration": 0.3, "ca_sensitivity": 1.1}},
{"model": "synapse.stdpparameters", "pk": 4, "fields": {"ltp_threshold": 5.1, "ltd_threshold": 1.1, "ltp_rate": 0.011, "ltd_rate": 0.0055}},
{"model": "synapse.synaptictag", "pk": 4, "fields": {"tagged": true, "time_tagged": "2025-07-02T08:00:00Z"}},
{"model": "synapse.consolidationproteinpool", "pk": 4, "fields": {"available": 95, "last_refilled": "2025-07-02T00:00:00Z"}},
{"model": "synapse.amparecyclingendosome", "pk": 4, "fields": {"pool_count": 90}},
{"model": "synapse.postsynapticdensity", "pk": 4, "fields": {"ampa_count": 22}},
{"model": "synapse.traffickingparameters", "pk": 4, "fields": {"insertion_rate": 5.1, "removal_rate": 5.0}},
{"model": "synapse.astrocyte", "pk": 4, "fields": {"monitored_activity": 0.15, "tnf_alpha": 0.03, "d_serine": 0.08, "atp": 0.03, "release_rate": 0.11}},
{"model": "synapse.synapse", "pk": 4, "fields": {"cleft": 4, "da_cleft": 4, "membrane": 4, "nmda": 4, "da_receptor": 4, "cascade": 4, "spine": 4, "stdp_params": 4, "tag": 4, "pool": 4, "endosome": 4, "psd": 4, "traf_params": 4, "astrocyte": 4, "weight": 1.1}},
{"model": "synapse.synapticcleft", "pk": 5, "fields": {"glutamate": 1.1, "clear_rate": 0.45}},
{"model": "synapse.dopaminecleft", "pk": 5, "fields": {"dopamine": 0.9, "clear_rate": 0.18}},
{"model": "synapse.nmdareceptor", "pk": 5, "fields": {"mg_blocked": true, "glutamate_thr": 1.2, "voltage_thr": -49.0}},
{"model": "synapse.dopaminereceptor", "pk": 5, "fields": {"bound": false, "kd": 0.55}},
{"model": "synapse.modulatorycascade", "pk": 5, "fields": {"camp": 0.05, "pka_activity": 0.08}},
{"model": "synapse.postsynapticmembrane", "pk": 5, "fields": {"rest_potential": -71.0, "potential": -69.0, "depolarization": 21.0}},
{"model": "synapse.spinehead", "pk": 5, "fields": {"ca_concentration": 0.4, "ca_sensitivity": 1.05}},
{"model": "synapse.stdpparameters", "pk": 5, "fields": {"ltp_threshold": 5.3, "ltd_threshold": 1.4, "ltp_rate": 0.013, "ltd_rate": 0.0065}},
{"model": "synapse.synaptictag", "pk": 5, "fields": {"tagged": false, "time_tagged": null}},
{"model": "synapse.consolidationproteinpool", "pk": 5, "fields": {"available": 105, "last_refilled": "2025-07-01T00:00:00Z"}},
{"model": "synapse.amparecyclingendosome", "pk": 5, "fields": {"pool_count": 110}},
{"model": "synapse.postsynapticdensity", "pk": 5, "fields": {"ampa_count": 19}},
{"model": "synapse.traffickingparameters", "pk": 5, "fields": {"insertion_rate": 5.3, "removal_rate": 4.8}},
{"model": "synapse.astrocyte", "pk": 5, "fields": {"monitored_activity": 0.12, "tnf_alpha": 0.04, "d_serine": 0.09, "atp": 0.04, "release_rate": 0.13}},
{"model": "synapse.synapse", "pk": 5, "fields": {"cleft": 5, "da_cleft": 5, "membrane": 5, "nmda": 5, "da_receptor": 5, "cascade": 5, "spine": 5, "stdp_params": 5, "tag": 5, "pool": 5, "endosome": 5, "psd": 5, "traf_params": 5, "astrocyte": 5, "weight": 0.98}},
{"model": "synapse.synapticcleft", "pk": 6, "fields": {"glutamate": 0.8, "clear_rate": 0.6}},
{"model": "synapse.dopaminecleft", "pk": 6, "fields": {"dopamine": 0.7, "clear_rate": 0.13}},
{"model": "synapse.nmdareceptor", "pk": 6, "fields": {"mg_blocked": false, "glutamate_thr": 0.95, "voltage_thr": -53.0}},
{"model": "synapse.dopaminereceptor", "pk": 6, "fields": {"bound": true, "kd": 0.48}},
{"model": "synapse.modulatorycascade", "pk": 6, "fields": {"camp": 0.18, "pka_activity": 0.09}},
{"model": "synapse.postsynapticmembrane", "pk": 6, "fields": {"rest_potential": -70.5, "potential": -68.5, "depolarization": 20.5}},
{"model": "synapse.spinehead", "pk": 6, "fields": {"ca_concentration": 0.35, "ca_sensitivity": 1.15}},
{"model": "synapse.stdpparameters", "pk": 6, "fields": {"ltp_threshold": 5.0, "ltd_threshold": 1.0, "ltp_rate": 0.01, "ltd_rate": 0.005}},
{"model": "synapse.synaptictag", "pk": 6, "fields": {"tagged": true, "time_tagged": "2025-07-02T10:00:00Z"}},
{"model": "synapse.consolidationproteinpool", "pk": 6, "fields": {"available": 98, "last_refilled": "2025-07-02T00:00:00Z"}},
{"model": "synapse.amparecyclingendosome", "pk": 6, "fields": {"pool_count": 95}},
{"model": "synapse.postsynapticdensity", "pk": 6, "fields": {"ampa_count": 21}},
{"model": "synapse.traffickingparameters", "pk": 6, "fields": {"insertion_rate": 5.0, "removal_rate": 5.0}},
{"model": "synapse.astrocyte", "pk": 6, "fields": {"monitored_activity": 0.18, "tnf_alpha": 0.06, "d_serine": 0.11, "atp": 0.06, "release_rate": 0.14}},
{"model": "synapse.synapse", "pk": 6, "fields": {"cleft": 6, "da_cleft": 6, "membrane": 6, "nmda": 6, "da_receptor": 6, "cascade": 6, "spine": 6, "stdp_params": 6, "tag": 6, "pool": 6, "endosome": 6, "psd": 6, "traf_params": 6, "astrocyte": 6, "weight": 1.02}}]
